{"graph": {"_type": "graph-file", "sha256": "7414d0dc6099f8e565eb20332e0fefa37a4537ff5607987105278de3686e2062", "size": 2530, "path": "media/graph/graph_summary_7414d0dc6099f8e565eb.graph.json"}, "epoch": 349, "_timestamp": 1688847076.9143116, "loss": 0.9024218320846558, "val_loss": 0.932068943977356, "_runtime": 1136.525497674942, "_step": 349, "best_val_loss": 0.061407871544361115, "best_epoch": 38, "_wandb": {"runtime": 1147}}