{"graph": {"_type": "graph-file", "sha256": "0f780a314561ec2fbe9e4bb34790447fef0010b57b19f3c042b839937c1d9e9a", "size": 3002, "path": "media/graph/graph_summary_0f780a314561ec2fbe9e.graph.json"}, "epoch": 99, "_timestamp": 1688936705.5155685, "loss": 0.046954914927482605, "val_loss": 0.06391551345586777, "_runtime": 403.91190457344055, "_step": 99, "best_val_loss": 0.048408664762973785, "best_epoch": 26, "_wandb": {"runtime": 410}}