{"graph": {"_type": "graph-file", "sha256": "7414d0dc6099f8e565eb20332e0fefa37a4537ff5607987105278de3686e2062", "size": 2530, "path": "media/graph/graph_summary_7414d0dc6099f8e565eb.graph.json"}, "epoch": 349, "_timestamp": 1688899555.6969419, "loss": 0.04663591459393501, "val_loss": 0.044664815068244934, "_runtime": 1278.0136978626251, "_step": 349, "best_val_loss": 0.04411761835217476, "best_epoch": 11, "_wandb": {"runtime": 1289}}