{"graph": {"_type": "graph-file", "sha256": "7414d0dc6099f8e565eb20332e0fefa37a4537ff5607987105278de3686e2062", "size": 2530, "path": "media/graph/graph_summary_7414d0dc6099f8e565eb.graph.json"}, "epoch": 249, "_timestamp": 1688722865.2859163, "loss": 0.04537537321448326, "val_loss": 0.04471855238080025, "_runtime": 1000.235945224762, "_step": 251, "best_val_loss": 0.044390834867954254, "best_epoch": 12, "Training Loss": 0.04537537321448326, "Validation Loss": 0.04471855238080025, "_wandb": {"runtime": 1011}}