{"graph": {"_type": "graph-file", "sha256": "7414d0dc6099f8e565eb20332e0fefa37a4537ff5607987105278de3686e2062", "size": 2530, "path": "media/graph/graph_summary_7414d0dc6099f8e565eb.graph.json"}, "epoch": 99, "_timestamp": 1688817993.1635294, "loss": 1.644934892654419, "val_loss": 1.637209177017212, "_runtime": 365.93717336654663, "_step": 99, "best_val_loss": 1.637209177017212, "best_epoch": 1, "_wandb": {"runtime": 368}}