{"graph": {"_type": "graph-file", "sha256": "7414d0dc6099f8e565eb20332e0fefa37a4537ff5607987105278de3686e2062", "size": 2530, "path": "media/graph/graph_summary_7414d0dc6099f8e565eb.graph.json"}, "epoch": 99, "_timestamp": 1688822267.3646045, "loss": 0.5029094815254211, "val_loss": 0.3727705180644989, "_runtime": 307.51787638664246, "_step": 99, "best_val_loss": 0.3727705180644989, "best_epoch": 0, "_wandb": {"runtime": 312}}