{"graph": {"_type": "graph-file", "sha256": "7414d0dc6099f8e565eb20332e0fefa37a4537ff5607987105278de3686e2062", "size": 2530, "path": "media/graph/graph_summary_7414d0dc6099f8e565eb.graph.json"}, "epoch": 249, "_timestamp": 1688898138.786005, "loss": 0.06883928924798965, "val_loss": 0.05432397127151489, "_runtime": 2228.989448070526, "_step": 249, "best_val_loss": 0.05390516668558121, "best_epoch": 244, "_wandb": {"runtime": 2239}}