{"graph": {"_type": "graph-file", "sha256": "0f780a314561ec2fbe9e4bb34790447fef0010b57b19f3c042b839937c1d9e9a", "size": 3002, "path": "media/graph/graph_summary_0f780a314561ec2fbe9e.graph.json"}, "epoch": 99, "_timestamp": 1688938765.0462377, "loss": 0.04739018529653549, "val_loss": 0.0385107658803463, "_runtime": 1535.6825985908508, "_step": 99, "best_val_loss": 0.037005119025707245, "best_epoch": 82, "_wandb": {"runtime": 1545}}