{"graph": {"_type": "graph-file", "sha256": "7414d0dc6099f8e565eb20332e0fefa37a4537ff5607987105278de3686e2062", "size": 2530, "path": "media/graph/graph_summary_7414d0dc6099f8e565eb.graph.json"}, "epoch": 249, "_timestamp": 1688631219.1914644, "loss": 0.9893198013305664, "val_loss": 0.9932544827461243, "_runtime": 906.060798406601, "_step": 251, "best_val_loss": 0.8388619422912598, "best_epoch": 2, "Training Loss": 0.9893198013305664, "Validation Loss": 0.9932544827461243, "_wandb": {"runtime": 920}}