{"graph": {"_type": "graph-file", "sha256": "0f780a314561ec2fbe9e4bb34790447fef0010b57b19f3c042b839937c1d9e9a", "size": 3002, "path": "media/graph/graph_summary_0f780a314561ec2fbe9e.graph.json"}, "epoch": 349, "_timestamp": 1688936036.687475, "loss": 0.03395099937915802, "val_loss": 0.02881755121052265, "_runtime": 1226.9789779186249, "_step": 349, "best_val_loss": 0.028694769367575645, "best_epoch": 317, "_wandb": {"runtime": 1227}}