{"graph": {"_type": "graph-file", "sha256": "7414d0dc6099f8e565eb20332e0fefa37a4537ff5607987105278de3686e2062", "size": 2530, "path": "media/graph/graph_summary_7414d0dc6099f8e565eb.graph.json"}, "epoch": 149, "_timestamp": 1688904985.8340771, "loss": 0.07486220449209213, "val_loss": 0.05515499785542488, "_runtime": 1435.73464012146, "_step": 149, "best_val_loss": 0.05515499785542488, "best_epoch": 149, "_wandb": {"runtime": 1450}}