{"graph": {"_type": "graph-file", "sha256": "0f780a314561ec2fbe9e4bb34790447fef0010b57b19f3c042b839937c1d9e9a", "size": 3002, "path": "media/graph/graph_summary_0f780a314561ec2fbe9e.graph.json"}, "epoch": 1, "_timestamp": 1688939287.314858, "loss": 0.038881171494722366, "val_loss": 0.035553283989429474, "_runtime": 31.315935850143433, "_step": 1, "best_val_loss": 0.035553283989429474, "best_epoch": 1, "_wandb": {"runtime": 34}}