{"graph": {"_type": "graph-file", "sha256": "7414d0dc6099f8e565eb20332e0fefa37a4537ff5607987105278de3686e2062", "size": 2530, "path": "media/graph/graph_summary_7414d0dc6099f8e565eb.graph.json"}, "epoch": 249, "_timestamp": 1688856063.4991958, "loss": 0.05945020541548729, "val_loss": 0.04809192940592766, "_runtime": 1081.407253742218, "_step": 249, "best_val_loss": 0.047986146062612534, "best_epoch": 246, "_wandb": {"runtime": 1086}}