{"graph": {"_type": "graph-file", "sha256": "0f780a314561ec2fbe9e4bb34790447fef0010b57b19f3c042b839937c1d9e9a", "size": 3002, "path": "media/graph/graph_summary_0f780a314561ec2fbe9e.graph.json"}, "epoch": 9, "_timestamp": 1688939092.8571339, "loss": 0.035621415823698044, "val_loss": 0.033792853355407715, "_runtime": 75.55534195899963, "_step": 9, "best_val_loss": 0.03342478722333908, "best_epoch": 8, "_wandb": {"runtime": 75}}