{"graph": {"_type": "graph-file", "sha256": "7414d0dc6099f8e565eb20332e0fefa37a4537ff5607987105278de3686e2062", "size": 2530, "path": "media/graph/graph_summary_7414d0dc6099f8e565eb.graph.json"}, "epoch": 99, "_timestamp": 1688905785.1847038, "loss": 0.07220225781202316, "val_loss": 0.06107237935066223, "_runtime": 568.5562508106232, "_step": 99, "best_val_loss": 0.061039168387651443, "best_epoch": 98, "_wandb": {"runtime": 568}}