{"graph": {"_type": "graph-file", "sha256": "7414d0dc6099f8e565eb20332e0fefa37a4537ff5607987105278de3686e2062", "size": 2530, "path": "media/graph/graph_summary_7414d0dc6099f8e565eb.graph.json"}, "epoch": 249, "_timestamp": 1688723883.921809, "loss": 0.04441453889012337, "val_loss": 0.04451318830251694, "_runtime": 947.6766860485077, "_step": 251, "best_val_loss": 0.04419563338160515, "best_epoch": 9, "Training Loss": 0.04441453889012337, "Validation Loss": 0.04451318830251694, "_wandb": {"runtime": 958}}