{"graph": {"_type": "graph-file", "sha256": "0f780a314561ec2fbe9e4bb34790447fef0010b57b19f3c042b839937c1d9e9a", "size": 3002, "path": "media/graph/graph_summary_0f780a314561ec2fbe9e.graph.json"}, "epoch": 9, "_timestamp": 1688938923.0057616, "loss": 0.036010924726724625, "val_loss": 0.03392951190471649, "_runtime": 59.88436269760132, "_step": 9, "best_val_loss": 0.03379674255847931, "best_epoch": 2, "_wandb": {"runtime": 60}}