{"graph": {"_type": "graph-file", "sha256": "7414d0dc6099f8e565eb20332e0fefa37a4537ff5607987105278de3686e2062", "size": 2530, "path": "media/graph/graph_summary_7414d0dc6099f8e565eb.graph.json"}, "epoch": 99, "_timestamp": 1688765941.0308957, "loss": 0.03534148260951042, "_runtime": 337.3992326259613, "_step": 99, "_wandb": {"runtime": 338}}