{"graph": {"_type": "graph-file", "sha256": "7414d0dc6099f8e565eb20332e0fefa37a4537ff5607987105278de3686e2062", "size": 2530, "path": "media/graph/graph_summary_7414d0dc6099f8e565eb.graph.json"}, "epoch": 249, "_timestamp": 1688651117.49031, "loss": 7.606276035308838, "val_loss": 14.382636070251465, "_runtime": 1929.3882908821106, "_step": 251, "best_val_loss": 7.552491664886475, "best_epoch": 0, "Training Loss": 7.606276035308838, "Validation Loss": 14.382636070251465, "_wandb": {"runtime": 1947}}