{"graph": {"_type": "graph-file", "sha256": "7414d0dc6099f8e565eb20332e0fefa37a4537ff5607987105278de3686e2062", "size": 2530, "path": "media/graph/graph_summary_7414d0dc6099f8e565eb.graph.json"}, "epoch": 349, "_timestamp": 1688848640.3593276, "loss": 0.9146764874458313, "val_loss": 0.933551549911499, "_runtime": 1277.798457622528, "_step": 349, "best_val_loss": 0.034861013293266296, "best_epoch": 7, "_wandb": {"runtime": 1289}}