{"graph": {"_type": "graph-file", "sha256": "7414d0dc6099f8e565eb20332e0fefa37a4537ff5607987105278de3686e2062", "size": 2530, "path": "media/graph/graph_summary_7414d0dc6099f8e565eb.graph.json"}, "epoch": 99, "_timestamp": 1688907969.4081395, "loss": 0.09051106870174408, "val_loss": 0.08137065172195435, "_runtime": 584.4314785003662, "_step": 99, "best_val_loss": 0.07969430834054947, "best_epoch": 95, "_wandb": {"runtime": 591}}