{"graph": {"_type": "graph-file", "sha256": "7414d0dc6099f8e565eb20332e0fefa37a4537ff5607987105278de3686e2062", "size": 2530, "path": "media/graph/graph_summary_7414d0dc6099f8e565eb.graph.json"}, "epoch": 249, "_timestamp": 1688859457.185935, "loss": 0.061223823577165604, "val_loss": 0.04952806979417801, "_runtime": 1066.4122049808502, "_step": 249, "best_val_loss": 0.04926496744155884, "best_epoch": 243, "_wandb": {"runtime": 1071}}