{"graph": {"_type": "graph-file", "sha256": "7414d0dc6099f8e565eb20332e0fefa37a4537ff5607987105278de3686e2062", "size": 2530, "path": "media/graph/graph_summary_7414d0dc6099f8e565eb.graph.json"}, "epoch": 99, "_timestamp": 1688845913.6979256, "loss": 0.912205696105957, "val_loss": 0.933551549911499, "_runtime": 651.7682926654816, "_step": 99, "best_val_loss": 0.933551549911499, "best_epoch": 0, "_wandb": {"runtime": 655}}