{"Training Loss": 0.03291334584355354, "_timestamp": 1688766696.5313618, "_runtime": 368.07702374458313, "_step": 1, "Validation Loss": 0.02849663980305195, "_wandb": {"runtime": 381}}