{"graph": {"_type": "graph-file", "sha256": "7414d0dc6099f8e565eb20332e0fefa37a4537ff5607987105278de3686e2062", "size": 2530, "path": "media/graph/graph_summary_7414d0dc6099f8e565eb.graph.json"}, "epoch": 99, "_timestamp": 1688764866.5146987, "loss": 0.034106750041246414, "_runtime": 351.79637265205383, "_step": 99, "_wandb": {"runtime": 351}}