{"graph": {"_type": "graph-file", "sha256": "7414d0dc6099f8e565eb20332e0fefa37a4537ff5607987105278de3686e2062", "size": 2530, "path": "media/graph/graph_summary_7414d0dc6099f8e565eb.graph.json"}, "epoch": 99, "_timestamp": 1688907711.6625254, "loss": 0.03760785236954689, "val_loss": 0.0360754020512104, "_runtime": 410.4895193576813, "_step": 99, "best_val_loss": 0.035593871027231216, "best_epoch": 92, "_wandb": {"runtime": 421}}