{"graph": {"_type": "graph-file", "sha256": "7414d0dc6099f8e565eb20332e0fefa37a4537ff5607987105278de3686e2062", "size": 2530, "path": "media/graph/graph_summary_7414d0dc6099f8e565eb.graph.json"}, "epoch": 249, "_timestamp": 1688849362.6369739, "loss": 287.6050109863281, "val_loss": 298.14471435546875, "_runtime": 812.921844959259, "_step": 249, "best_val_loss": 294.4804382324219, "best_epoch": 209, "_wandb": {"runtime": 815}}