{"graph": {"_type": "graph-file", "sha256": "7414d0dc6099f8e565eb20332e0fefa37a4537ff5607987105278de3686e2062", "size": 2530, "path": "media/graph/graph_summary_7414d0dc6099f8e565eb.graph.json"}, "epoch": 7, "_timestamp": 1688770241.5437472, "loss": 1.031569004058838, "val_loss": 0.9130468368530273, "_runtime": 57.062772274017334, "_step": 7, "best_val_loss": 0.9130468368530273, "best_epoch": 0, "_wandb": {"runtime": 57}}