{"graph": {"_type": "graph-file", "sha256": "7414d0dc6099f8e565eb20332e0fefa37a4537ff5607987105278de3686e2062", "size": 2530, "path": "media/graph/graph_summary_7414d0dc6099f8e565eb.graph.json"}, "epoch": 99, "_timestamp": 1688903422.6577652, "loss": 1.0047963857650757, "val_loss": 1.1382098197937012, "_runtime": 336.32606315612793, "_step": 99, "best_val_loss": 0.037487003952264786, "best_epoch": 10, "_wandb": {"runtime": 350}}