{"graph": {"_type": "graph-file", "sha256": "7414d0dc6099f8e565eb20332e0fefa37a4537ff5607987105278de3686e2062", "size": 2530, "path": "media/graph/graph_summary_7414d0dc6099f8e565eb.graph.json"}, "epoch": 249, "_timestamp": 1688767793.0273912, "loss": 0.24826745688915253, "val_loss": 0.2236044853925705, "_runtime": 861.7831881046295, "_step": 251, "best_val_loss": 0.22257468104362488, "best_epoch": 43, "Training Loss": 0.24826745688915253, "Validation Loss": 0.2236044853925705, "_wandb": {"runtime": 867}}