{"graph": {"_type": "graph-file", "sha256": "7414d0dc6099f8e565eb20332e0fefa37a4537ff5607987105278de3686e2062", "size": 2530, "path": "media/graph/graph_summary_7414d0dc6099f8e565eb.graph.json"}, "epoch": 249, "_timestamp": 1688838134.4158206, "loss": 1.2826131582260132, "val_loss": 1.3039504289627075, "_runtime": 737.3358244895935, "_step": 249, "best_val_loss": 1.3039504289627075, "best_epoch": 0, "_wandb": {"runtime": 744}}