{"graph": {"_type": "graph-file", "sha256": "7414d0dc6099f8e565eb20332e0fefa37a4537ff5607987105278de3686e2062", "size": 2530, "path": "media/graph/graph_summary_7414d0dc6099f8e565eb.graph.json"}, "epoch": 249, "_timestamp": 1688846131.6880765, "loss": 1.6898754835128784, "val_loss": 1.637209177017212, "_runtime": 811.5348055362701, "_step": 249, "best_val_loss": 1.637209177017212, "best_epoch": 10, "_wandb": {"runtime": 817}}