{"graph": {"_type": "graph-file", "sha256": "7414d0dc6099f8e565eb20332e0fefa37a4537ff5607987105278de3686e2062", "size": 2530, "path": "media/graph/graph_summary_7414d0dc6099f8e565eb.graph.json"}, "epoch": 99, "_timestamp": 1688903819.1273677, "loss": 0.5319011807441711, "val_loss": 0.9962290525436401, "_runtime": 335.0300016403198, "_step": 99, "best_val_loss": 0.03491118922829628, "best_epoch": 3, "_wandb": {"runtime": 348}}