{"graph": {"_type": "graph-file", "sha256": "7414d0dc6099f8e565eb20332e0fefa37a4537ff5607987105278de3686e2062", "size": 2530, "path": "media/graph/graph_summary_7414d0dc6099f8e565eb.graph.json"}, "epoch": 249, "_timestamp": 1688646532.7494392, "loss": 1.542290210723877, "val_loss": 1.7931604385375977, "_runtime": 1902.6842923164368, "_step": 251, "best_val_loss": 1.6667073965072632, "best_epoch": 10, "Training Loss": 1.542290210723877, "Validation Loss": 1.7931604385375977, "_wandb": {"runtime": 1916}}