{"graph": {"_type": "graph-file", "sha256": "7414d0dc6099f8e565eb20332e0fefa37a4537ff5607987105278de3686e2062", "size": 2530, "path": "media/graph/graph_summary_7414d0dc6099f8e565eb.graph.json"}, "epoch": 99, "_timestamp": 1688901636.3075025, "loss": 0.9957543015480042, "val_loss": 0.935600996017456, "_runtime": 342.29293847084045, "_step": 99, "best_val_loss": 0.9225360155105591, "best_epoch": 16, "_wandb": {"runtime": 354}}