{"graph": {"_type": "graph-file", "sha256": "7414d0dc6099f8e565eb20332e0fefa37a4537ff5607987105278de3686e2062", "size": 2530, "path": "media/graph/graph_summary_7414d0dc6099f8e565eb.graph.json"}, "epoch": 249, "_timestamp": 1688839176.2263486, "loss": 0.4886193871498108, "val_loss": 0.4924457371234894, "_runtime": 749.2016096115112, "_step": 249, "best_val_loss": 0.4924420416355133, "best_epoch": 3, "_wandb": {"runtime": 754}}