{"graph": {"_type": "graph-file", "sha256": "7414d0dc6099f8e565eb20332e0fefa37a4537ff5607987105278de3686e2062", "size": 2530, "path": "media/graph/graph_summary_7414d0dc6099f8e565eb.graph.json"}, "epoch": 99, "_timestamp": 1688820415.3840797, "loss": 1.7095952033996582, "val_loss": 1.6372443437576294, "_runtime": 309.49335169792175, "_step": 99, "best_val_loss": 1.6372443437576294, "best_epoch": 0, "_wandb": {"runtime": 311}}