{"graph": {"_type": "graph-file", "sha256": "7414d0dc6099f8e565eb20332e0fefa37a4537ff5607987105278de3686e2062", "size": 2530, "path": "media/graph/graph_summary_7414d0dc6099f8e565eb.graph.json"}, "epoch": 249, "_timestamp": 1688644435.0922718, "loss": 0.5506982803344727, "val_loss": 0.8320617079734802, "_runtime": 1899.1815729141235, "_step": 251, "best_val_loss": 0.8320614099502563, "best_epoch": 3, "Training Loss": 0.5506982803344727, "Validation Loss": 0.8320617079734802, "_wandb": {"runtime": 1913}}