{"graph": {"_type": "graph-file", "sha256": "7414d0dc6099f8e565eb20332e0fefa37a4537ff5607987105278de3686e2062", "size": 2530, "path": "media/graph/graph_summary_7414d0dc6099f8e565eb.graph.json"}, "epoch": 249, "_timestamp": 1688844540.2082598, "loss": 0.48859846591949463, "val_loss": 0.49245285987854004, "_runtime": 758.1396627426147, "_step": 249, "best_val_loss": 0.4655887484550476, "best_epoch": 42, "_wandb": {"runtime": 766}}