{"graph": {"_type": "graph-file", "sha256": "7414d0dc6099f8e565eb20332e0fefa37a4537ff5607987105278de3686e2062", "size": 2530, "path": "media/graph/graph_summary_7414d0dc6099f8e565eb.graph.json"}, "epoch": 15, "_timestamp": 1688847333.7096245, "loss": 0.9511683583259583, "val_loss": 0.9928843379020691, "_runtime": 162.94467949867249, "_step": 15, "best_val_loss": 0.5961089134216309, "best_epoch": 4, "_wandb": {"runtime": 166}}