{"graph": {"_type": "graph-file", "sha256": "7414d0dc6099f8e565eb20332e0fefa37a4537ff5607987105278de3686e2062", "size": 2530, "path": "media/graph/graph_summary_7414d0dc6099f8e565eb.graph.json"}, "epoch": 167, "_timestamp": 1688727149.4393227, "loss": 0.04604112729430199, "val_loss": 0.04474487528204918, "_runtime": 2627.09193277359, "_step": 167, "best_val_loss": 0.04418858140707016, "best_epoch": 7}