{"graph": {"_type": "graph-file", "sha256": "7414d0dc6099f8e565eb20332e0fefa37a4537ff5607987105278de3686e2062", "size": 2530, "path": "media/graph/graph_summary_7414d0dc6099f8e565eb.graph.json"}, "epoch": 349, "_timestamp": 1688898138.2286565, "loss": 0.03635670244693756, "val_loss": 0.7267000675201416, "_runtime": 1313.3684866428375, "_step": 349, "best_val_loss": 0.03414272144436836, "best_epoch": 3, "_wandb": {"runtime": 1328}}