{"graph": {"_type": "graph-file", "sha256": "7414d0dc6099f8e565eb20332e0fefa37a4537ff5607987105278de3686e2062", "size": 2530, "path": "media/graph/graph_summary_7414d0dc6099f8e565eb.graph.json"}, "epoch": 99, "_timestamp": 1688819276.9383612, "loss": 2.2347493171691895, "val_loss": 2.2681896686553955, "_runtime": 308.86742210388184, "_step": 99, "best_val_loss": 1.507133960723877, "best_epoch": 0, "_wandb": {"runtime": 311}}