{"graph": {"_type": "graph-file", "sha256": "7414d0dc6099f8e565eb20332e0fefa37a4537ff5607987105278de3686e2062", "size": 2530, "path": "media/graph/graph_summary_7414d0dc6099f8e565eb.graph.json"}, "epoch": 99, "_timestamp": 1688902565.5821364, "loss": 1.0008021593093872, "val_loss": 1.0820591449737549, "_runtime": 327.8792414665222, "_step": 99, "best_val_loss": 0.039583370089530945, "best_epoch": 16, "_wandb": {"runtime": 342}}