{"graph": {"_type": "graph-file", "sha256": "7414d0dc6099f8e565eb20332e0fefa37a4537ff5607987105278de3686e2062", "size": 2530, "path": "media/graph/graph_summary_7414d0dc6099f8e565eb.graph.json"}, "epoch": 99, "_timestamp": 1688764318.4640524, "loss": 0.9440358281135559, "_runtime": 341.5325984954834, "_step": 100, "Training Loss": 0.9440358281135559, "_wandb": {"runtime": 341}}