{"graph": {"_type": "graph-file", "sha256": "7414d0dc6099f8e565eb20332e0fefa37a4537ff5607987105278de3686e2062", "size": 2530, "path": "media/graph/graph_summary_7414d0dc6099f8e565eb.graph.json"}, "epoch": 99, "_timestamp": 1688902179.235636, "loss": 1.0050239562988281, "val_loss": 1.1413919925689697, "_runtime": 331.8314480781555, "_step": 99, "best_val_loss": 1.1413919925689697, "best_epoch": 0, "_wandb": {"runtime": 346}}