{"graph": {"_type": "graph-file", "sha256": "7414d0dc6099f8e565eb20332e0fefa37a4537ff5607987105278de3686e2062", "size": 2530, "path": "media/graph/graph_summary_7414d0dc6099f8e565eb.graph.json"}, "epoch": 11, "_timestamp": 1688906671.1822877, "loss": 0.9533452987670898, "val_loss": 0.9928843379020691, "_runtime": 65.4978666305542, "_step": 11, "best_val_loss": 0.9928843379020691, "best_epoch": 0, "_wandb": {"runtime": 65}}