{"graph": {"_type": "graph-file", "sha256": "7414d0dc6099f8e565eb20332e0fefa37a4537ff5607987105278de3686e2062", "size": 2530, "path": "media/graph/graph_summary_7414d0dc6099f8e565eb.graph.json"}, "epoch": 15, "_timestamp": 1688642477.911638, "loss": 0.4000449478626251, "val_loss": 0.47256380319595337, "_runtime": 199.5918469429016, "_step": 15, "best_val_loss": 0.47256380319595337, "best_epoch": 15, "_wandb": {"runtime": 202}}