{"graph": {"_type": "graph-file", "sha256": "7414d0dc6099f8e565eb20332e0fefa37a4537ff5607987105278de3686e2062", "size": 2530, "path": "media/graph/graph_summary_7414d0dc6099f8e565eb.graph.json"}, "epoch": 249, "_timestamp": 1688760742.8557045, "loss": 0.046636372804641724, "val_loss": 0.04466086998581886, "_runtime": 974.597339630127, "_step": 251, "best_val_loss": 0.04429902136325836, "best_epoch": 239, "Training Loss": 0.046636372804641724, "Validation Loss": 0.04466086998581886, "_wandb": {"runtime": 985}}