{"graph": {"_type": "graph-file", "sha256": "7414d0dc6099f8e565eb20332e0fefa37a4537ff5607987105278de3686e2062", "size": 2530, "path": "media/graph/graph_summary_7414d0dc6099f8e565eb.graph.json"}, "epoch": 99, "_timestamp": 1688768211.043071, "loss": 1.031569004058838, "val_loss": 0.9130468368530273, "_runtime": 319.91210293769836, "_step": 101, "best_val_loss": 0.913046658039093, "best_epoch": 1, "Training Loss": 1.031569004058838, "Validation Loss": 0.9130468368530273, "_wandb": {"runtime": 326}}