{"graph": {"_type": "graph-file", "sha256": "7414d0dc6099f8e565eb20332e0fefa37a4537ff5607987105278de3686e2062", "size": 2530, "path": "media/graph/graph_summary_7414d0dc6099f8e565eb.graph.json"}, "epoch": 99, "_timestamp": 1688819781.188393, "loss": 1.7242730855941772, "val_loss": 1.6372116804122925, "_runtime": 312.98688220977783, "_step": 99, "best_val_loss": 1.6372116804122925, "best_epoch": 7, "_wandb": {"runtime": 315}}