{"graph": {"_type": "graph-file", "sha256": "7414d0dc6099f8e565eb20332e0fefa37a4537ff5607987105278de3686e2062", "size": 2530, "path": "media/graph/graph_summary_7414d0dc6099f8e565eb.graph.json"}, "epoch": 249, "_timestamp": 1688847702.397788, "loss": 0.87076735496521, "val_loss": 0.8419297337532043, "_runtime": 757.4046981334686, "_step": 249, "best_val_loss": 0.8414127826690674, "best_epoch": 78, "_wandb": {"runtime": 764}}