{"graph": {"_type": "graph-file", "sha256": "7414d0dc6099f8e565eb20332e0fefa37a4537ff5607987105278de3686e2062", "size": 2530, "path": "media/graph/graph_summary_7414d0dc6099f8e565eb.graph.json"}, "epoch": 249, "_timestamp": 1688769712.0904474, "loss": 0.04753657430410385, "val_loss": 0.04462096095085144, "_runtime": 917.891021490097, "_step": 251, "best_val_loss": 0.0442630797624588, "best_epoch": 15, "Training Loss": 0.04753657430410385, "Validation Loss": 0.04462096095085144, "_wandb": {"runtime": 928}}