{"graph": {"_type": "graph-file", "sha256": "7414d0dc6099f8e565eb20332e0fefa37a4537ff5607987105278de3686e2062", "size": 2530, "path": "media/graph/graph_summary_7414d0dc6099f8e565eb.graph.json"}, "epoch": 99, "_timestamp": 1688906142.9648325, "loss": 0.9443655014038086, "val_loss": 0.9946887493133545, "_runtime": 367.5313835144043, "_step": 99, "best_val_loss": 0.03311334177851677, "best_epoch": 6, "_wandb": {"runtime": 380}}