{"graph": {"_type": "graph-file", "sha256": "7414d0dc6099f8e565eb20332e0fefa37a4537ff5607987105278de3686e2062", "size": 2530, "path": "media/graph/graph_summary_7414d0dc6099f8e565eb.graph.json"}, "epoch": 8, "_timestamp": 1688905705.3595612, "loss": 0.9594659209251404, "val_loss": 0.9928836822509766, "_runtime": 61.541524171829224, "_step": 8, "best_val_loss": 0.9928028583526611, "best_epoch": 2, "_wandb": {"runtime": 61}}