{"graph": {"_type": "graph-file", "sha256": "7414d0dc6099f8e565eb20332e0fefa37a4537ff5607987105278de3686e2062", "size": 2530, "path": "media/graph/graph_summary_7414d0dc6099f8e565eb.graph.json"}, "epoch": 249, "_timestamp": 1688842056.8961158, "loss": 0.04982050135731697, "val_loss": 0.47836604714393616, "_runtime": 756.068431854248, "_step": 249, "best_val_loss": 0.363075852394104, "best_epoch": 105, "_wandb": {"runtime": 760}}