{"graph": {"_type": "graph-file", "sha256": "7414d0dc6099f8e565eb20332e0fefa37a4537ff5607987105278de3686e2062", "size": 2530, "path": "media/graph/graph_summary_7414d0dc6099f8e565eb.graph.json"}, "epoch": 249, "_timestamp": 1688857935.9622538, "loss": 0.8649025559425354, "val_loss": 0.8418089747428894, "_runtime": 765.1669998168945, "_step": 249, "best_val_loss": 0.8416656851768494, "best_epoch": 176, "_wandb": {"runtime": 772}}