{"graph": {"_type": "graph-file", "sha256": "7414d0dc6099f8e565eb20332e0fefa37a4537ff5607987105278de3686e2062", "size": 2530, "path": "media/graph/graph_summary_7414d0dc6099f8e565eb.graph.json"}, "epoch": 249, "_timestamp": 1688648554.9661443, "loss": 1.4990615844726562, "val_loss": 1.793160319328308, "_runtime": 1919.1278324127197, "_step": 251, "best_val_loss": 1.5311222076416016, "best_epoch": 10, "Training Loss": 1.4990615844726562, "Validation Loss": 1.793160319328308, "_wandb": {"runtime": 1932}}