{"graph": {"_type": "graph-file", "sha256": "7414d0dc6099f8e565eb20332e0fefa37a4537ff5607987105278de3686e2062", "size": 2530, "path": "media/graph/graph_summary_7414d0dc6099f8e565eb.graph.json"}, "epoch": 249, "_timestamp": 1688858262.2274237, "loss": 0.060655172914266586, "val_loss": 0.049918033182621, "_runtime": 1059.4182517528534, "_step": 249, "best_val_loss": 0.04935966059565544, "best_epoch": 247, "_wandb": {"runtime": 1064}}