{"graph": {"_type": "graph-file", "sha256": "7414d0dc6099f8e565eb20332e0fefa37a4537ff5607987105278de3686e2062", "size": 2530, "path": "media/graph/graph_summary_7414d0dc6099f8e565eb.graph.json"}, "epoch": 249, "_timestamp": 1688634311.189356, "loss": 0.36997583508491516, "val_loss": 0.4776201844215393, "_runtime": 1983.460448026657, "_step": 251, "best_val_loss": 0.4723282754421234, "best_epoch": 24, "Training Loss": 0.36997583508491516, "Validation Loss": 0.4776201844215393, "_wandb": {"runtime": 1997}}