{"graph": {"_type": "graph-file", "sha256": "7414d0dc6099f8e565eb20332e0fefa37a4537ff5607987105278de3686e2062", "size": 2530, "path": "media/graph/graph_summary_7414d0dc6099f8e565eb.graph.json"}, "epoch": 28, "_timestamp": 1688905423.8905272, "loss": 0.9157838225364685, "_runtime": 88.77151131629944, "_step": 28, "_wandb": {"runtime": 89}}