{"graph": {"_type": "graph-file", "sha256": "7414d0dc6099f8e565eb20332e0fefa37a4537ff5607987105278de3686e2062", "size": 2530, "path": "media/graph/graph_summary_7414d0dc6099f8e565eb.graph.json"}, "epoch": 99, "_timestamp": 1688906497.8634334, "loss": 0.07309681177139282, "val_loss": 0.06155521422624588, "_runtime": 529.8285663127899, "_step": 99, "best_val_loss": 0.06155521422624588, "best_epoch": 99, "_wandb": {"runtime": 540}}