{"graph": {"_type": "graph-file", "sha256": "7414d0dc6099f8e565eb20332e0fefa37a4537ff5607987105278de3686e2062", "size": 2530, "path": "media/graph/graph_summary_7414d0dc6099f8e565eb.graph.json"}, "epoch": 124, "_timestamp": 1688632058.9937372, "loss": 0.17290908098220825, "val_loss": 0.22270040214061737, "_runtime": 494.70023131370544, "_step": 124, "best_val_loss": 0.21883989870548248, "best_epoch": 50, "_wandb": {"runtime": 494}}