{"graph": {"_type": "graph-file", "sha256": "7414d0dc6099f8e565eb20332e0fefa37a4537ff5607987105278de3686e2062", "size": 2530, "path": "media/graph/graph_summary_7414d0dc6099f8e565eb.graph.json"}, "epoch": 4, "_timestamp": 1688657673.7758522, "loss": 7.580588340759277, "val_loss": 7.76400899887085, "_runtime": 92.12824726104736, "_step": 4, "best_val_loss": 7.76400899887085, "best_epoch": 0}