{"graph": {"_type": "graph-file", "sha256": "7414d0dc6099f8e565eb20332e0fefa37a4537ff5607987105278de3686e2062", "size": 2530, "path": "media/graph/graph_summary_7414d0dc6099f8e565eb.graph.json"}, "epoch": 249, "_timestamp": 1688860971.7220178, "loss": 0.0607534758746624, "val_loss": 0.050569839775562286, "_runtime": 1074.3945398330688, "_step": 249, "best_val_loss": 0.050569839775562286, "best_epoch": 249, "_wandb": {"runtime": 1082}}