{"graph": {"_type": "graph-file", "sha256": "7414d0dc6099f8e565eb20332e0fefa37a4537ff5607987105278de3686e2062", "size": 2530, "path": "media/graph/graph_summary_7414d0dc6099f8e565eb.graph.json"}, "epoch": 99, "_timestamp": 1688837045.7168424, "loss": 0.4930611550807953, "val_loss": 0.49242180585861206, "_runtime": 359.4463303089142, "_step": 99, "best_val_loss": 0.49242180585861206, "best_epoch": 4, "_wandb": {"runtime": 364}}