{"graph": {"_type": "graph-file", "sha256": "7414d0dc6099f8e565eb20332e0fefa37a4537ff5607987105278de3686e2062", "size": 2530, "path": "media/graph/graph_summary_7414d0dc6099f8e565eb.graph.json"}, "epoch": 99, "_timestamp": 1688908233.8403978, "loss": 0.036872729659080505, "val_loss": 0.0350198969244957, "_runtime": 403.9758868217468, "_step": 99, "best_val_loss": 0.03476598858833313, "best_epoch": 43, "_wandb": {"runtime": 414}}