{"graph": {"_type": "graph-file", "sha256": "7414d0dc6099f8e565eb20332e0fefa37a4537ff5607987105278de3686e2062", "size": 2530, "path": "media/graph/graph_summary_7414d0dc6099f8e565eb.graph.json"}, "epoch": 0, "_timestamp": 1688905562.5251107, "loss": 0.9700461626052856, "_runtime": 22.73125672340393, "_step": 0, "_wandb": {"runtime": 27}}