{"graph": {"_type": "graph-file", "sha256": "7414d0dc6099f8e565eb20332e0fefa37a4537ff5607987105278de3686e2062", "size": 2530, "path": "media/graph/graph_summary_7414d0dc6099f8e565eb.graph.json"}, "epoch": 249, "_timestamp": 1688857149.5941482, "loss": 0.062075063586235046, "val_loss": 0.050632599741220474, "_runtime": 1005.5420081615448, "_step": 249, "best_val_loss": 0.04931497946381569, "best_epoch": 248, "_wandb": {"runtime": 1010}}