{"graph": {"_type": "graph-file", "sha256": "7414d0dc6099f8e565eb20332e0fefa37a4537ff5607987105278de3686e2062", "size": 2530, "path": "media/graph/graph_summary_7414d0dc6099f8e565eb.graph.json"}, "epoch": 249, "_timestamp": 1688840140.1098056, "loss": 0.4870787262916565, "val_loss": 0.49242180585861206, "_runtime": 753.203483581543, "_step": 249, "best_val_loss": 0.47659289836883545, "best_epoch": 9, "_wandb": {"runtime": 759}}