{"graph": {"_type": "graph-file", "sha256": "7414d0dc6099f8e565eb20332e0fefa37a4537ff5607987105278de3686e2062", "size": 2530, "path": "media/graph/graph_summary_7414d0dc6099f8e565eb.graph.json"}, "epoch": 349, "_timestamp": 1688901207.7388983, "loss": 0.0011289042886346579, "val_loss": 0.9331482648849487, "_runtime": 1122.964123249054, "_step": 349, "best_val_loss": 0.03416013717651367, "best_epoch": 55, "_wandb": {"runtime": 1135}}