{"graph": {"_type": "graph-file", "sha256": "7414d0dc6099f8e565eb20332e0fefa37a4537ff5607987105278de3686e2062", "size": 2530, "path": "media/graph/graph_summary_7414d0dc6099f8e565eb.graph.json"}, "epoch": 14, "_timestamp": 1688899891.0725431, "loss": 0.7656257748603821, "val_loss": 0.9930115938186646, "_runtime": 75.5477352142334, "_step": 14, "best_val_loss": 0.9596841335296631, "best_epoch": 9, "_wandb": {"runtime": 78}}