{"graph": {"_type": "graph-file", "sha256": "7414d0dc6099f8e565eb20332e0fefa37a4537ff5607987105278de3686e2062", "size": 2530, "path": "media/graph/graph_summary_7414d0dc6099f8e565eb.graph.json"}, "epoch": 149, "_timestamp": 1688902603.6666758, "loss": 0.49117738008499146, "val_loss": 0.48851120471954346, "_runtime": 1186.762904882431, "_step": 149, "best_val_loss": 0.04384400695562363, "best_epoch": 22, "_wandb": {"runtime": 1198}}