{"graph": {"_type": "graph-file", "sha256": "7414d0dc6099f8e565eb20332e0fefa37a4537ff5607987105278de3686e2062", "size": 2530, "path": "media/graph/graph_summary_7414d0dc6099f8e565eb.graph.json"}, "epoch": 99, "_timestamp": 1688907097.860149, "loss": 0.04765631631016731, "val_loss": 0.04472356289625168, "_runtime": 400.6486418247223, "_step": 99, "best_val_loss": 0.04428960755467415, "best_epoch": 17, "_wandb": {"runtime": 411}}