{"graph": {"_type": "graph-file", "sha256": "7414d0dc6099f8e565eb20332e0fefa37a4537ff5607987105278de3686e2062", "size": 2530, "path": "media/graph/graph_summary_7414d0dc6099f8e565eb.graph.json"}, "epoch": 99, "_timestamp": 1688934454.5177565, "loss": 0.07753520458936691, "val_loss": 0.06429188698530197, "_runtime": 613.8171014785767, "_step": 99, "best_val_loss": 0.06351154297590256, "best_epoch": 94, "_wandb": {"runtime": 621}}