{"graph": {"_type": "graph-file", "sha256": "7414d0dc6099f8e565eb20332e0fefa37a4537ff5607987105278de3686e2062", "size": 2530, "path": "media/graph/graph_summary_7414d0dc6099f8e565eb.graph.json"}, "epoch": 249, "_timestamp": 1688901207.7595546, "loss": 0.07330731302499771, "val_loss": 0.05444687604904175, "_runtime": 2126.85760474205, "_step": 249, "best_val_loss": 0.05441678687930107, "best_epoch": 247, "_wandb": {"runtime": 2137}}