{"graph": {"_type": "graph-file", "sha256": "7414d0dc6099f8e565eb20332e0fefa37a4537ff5607987105278de3686e2062", "size": 2530, "path": "media/graph/graph_summary_7414d0dc6099f8e565eb.graph.json"}, "epoch": 24, "_timestamp": 1688770130.5785754, "loss": 0.03655724599957466, "val_loss": 4.294144630432129, "_runtime": 109.96973943710327, "_step": 24, "best_val_loss": 4.294144630432129, "best_epoch": 0, "_wandb": {"runtime": 111}}