{"graph": {"_type": "graph-file", "sha256": "7414d0dc6099f8e565eb20332e0fefa37a4537ff5607987105278de3686e2062", "size": 2530, "path": "media/graph/graph_summary_7414d0dc6099f8e565eb.graph.json"}, "epoch": 249, "_timestamp": 1688850002.9668376, "loss": 0.06062798947095871, "val_loss": 0.04886693134903908, "_runtime": 995.9098706245422, "_step": 249, "best_val_loss": 0.048627499490976334, "best_epoch": 239, "_wandb": {"runtime": 1000}}