{"graph": {"_type": "graph-file", "sha256": "7414d0dc6099f8e565eb20332e0fefa37a4537ff5607987105278de3686e2062", "size": 2530, "path": "media/graph/graph_summary_7414d0dc6099f8e565eb.graph.json"}, "epoch": 249, "_timestamp": 1688841182.7389224, "loss": 0.48596835136413574, "val_loss": 0.49242180585861206, "_runtime": 738.2300713062286, "_step": 249, "best_val_loss": 0.49241214990615845, "best_epoch": 43, "_wandb": {"runtime": 738}}