{"graph": {"_type": "graph-file", "sha256": "7414d0dc6099f8e565eb20332e0fefa37a4537ff5607987105278de3686e2062", "size": 2530, "path": "media/graph/graph_summary_7414d0dc6099f8e565eb.graph.json"}, "epoch": 99, "_timestamp": 1688818501.5545564, "loss": 1.6434502601623535, "val_loss": 1.637209177017212, "_runtime": 309.1335463523865, "_step": 99, "best_val_loss": 1.637209177017212, "best_epoch": 0, "_wandb": {"runtime": 314}}